experience_level,salary_in_usd
EN,78546.284375
EX,194930.9298245614
MI,104525.93913043478
SE,153051.07154213038
