job_title,salary_in_usd
Analytics Engineer,152368.63106796116
Applied Scientist,190264.4827586207
Data Analyst,108716.227124183
Data Architect,161713.77227722772
Data Engineer,142785.7346153846
Data Science Manager,191278.77586206896
Data Scientist,140869.76547619049
Machine Learning Engineer,154690.7266435986
Research Engineer,163108.37837837837
Research Scientist,161214.19512195123
